"#race_w_hispanic","count"
"Hispanic..White","44618105"
"Hispanic..Black or African American","2328113"
"Hispanic..American Indian and Alaska Native","1476248"
"Hispanic..Asian","498000"
"Hispanic..Native Hawaiian and Other Pacific Islander","177409"
"Hispanic..White; Black or African American","390549"
"Hispanic..White; American Indian and Alaska Native","403287"
"Hispanic..White; Asian","216922"
"Hispanic..White; Native Hawaiian and Other Pacific Islander","39474"
"Hispanic..Black or African American; American Indian and Alaska Native","56368"
"Hispanic..Black or African American; Asian","26503"
"Hispanic..Black or African American; Native Hawaiian and Other Pacific Islander","9682"
"Hispanic..American Indian and Alaska Native; Asian","25003"
"Hispanic..American Indian and Alaska Native; Native Hawaiian and Other Pacific Islander","7936"
"Hispanic..Asian; Native Hawaiian and Other Pacific Islander","25504"
"HispanicThree or more races","178491"
"NOT HISPANIC..White","197318956"
"NOT HISPANIC..Black or African American","37922522"
"NOT HISPANIC..American Indian and Alaska Native","2263258"
"NOT HISPANIC..Asian","14661516"
"NOT HISPANIC..Native Hawaiian and Other Pacific Islander","497216"
"NOT HISPANIC..White; Black or African American","1606189"
"NOT HISPANIC..White; American Indian and Alaska Native","1213105"
"NOT HISPANIC..White; Asian","1501390"
"NOT HISPANIC..White; Native Hawaiian and Other Pacific Islander","149794"
"NOT HISPANIC..Black or African American; American Indian and Alaska Native","242395"
"NOT HISPANIC..Black or African American; Asian","176409"
"NOT HISPANIC..Black or African American; Native Hawaiian and Other Pacific Islander","48150"
"NOT HISPANIC..American Indian and Alaska Native; Asian","47796"
"NOT HISPANIC..American Indian and Alaska Native; Native Hawaiian and Other Pacific Islander","7875"
"NOT HISPANIC..Asian; Native Hawaiian and Other Pacific Islander","152202"
